Workbook

Sheet Sheet1
A1: TableID: T01 to T20
A2: Capacity: 2, 4, 6, or 8
A3: Location: Window Left, Window Right, Center, Corner Back, Patio, Balcony, Garden View, Bar Area | M3: TableID | N3: Capacity | O3: Location | P3: Party Size | Q3: Channel | R3: Status of Table
M4: T01 | N4: 2 | O4: Bar Area | P4: <=2 | Q4: Kiosk | R4: Available
M5: T02 | N5: 2 | O5: Bar Area | P5: <=2 | Q5: Phone | R5: Cleaning
D6: Entrance | M6: T03 | N6: 2 | O6: Bar Area | P6: <=2 | Q6: Web | R6: Occupied
B7: T14 (6), T07 (4) | F7: T15 (6), T08 (4) | M7: T04 | N7: 2 | O7: Balcony | P7: <=2 | Q7: App | R7: Reserved
B8: Window left | F8: Window Right | M8: T05 | N8: 2 | O8: Balcony | P8: <=2
M9: T06 | N9: 2 | O9: Garden View | P9: <=2
D10: Centre | M10: T07 | N10: 4 | O10: Window Left | P10: <=4
D11: T09 (4), T10 (4) | M11: T08 | N11: 4 | O11: Window Right | P11: <=4
A12: Garden View | F12: T01 (2), T02 (2) , T03 (2) | H12: Balcony | I12: T04 (2), T05 (2), T11 (4) , T16(6) | M12: T09 | N12: 4 | O12: Centre | P12: <=4
A13: T06 (2) , T12 (4) , T17(6) | F13: Bar Area | M13: T10 | N13: 4 | O13: Centre | P13: <=4
M14: T11 | N14: 4 | O14: Balcony | P14: <=4
C15: Corner Back | M15: T12 | N15: 4 | O15: Garden View | P15: <=4
C16: T13 (4), T18 (6) | M16: T13 | N16: 4 | O16: Corner Back | P16: <=4
F17: Patio | M17: T14 | N17: 6 | O17: Window left | P17: <=6
F18: T19 (8) ,T20 (8) | M18: T15 | N18: 6 | O18: Window Right | P18: <=6
M19: T16 | N19: 6 | O19: Balcony | P19: <=6
M20: T17 | N20: 6 | O20: Garden View | P20: <=6
M21: T18 | N21: 6 | O21: Corner Back | P21: <=6
M22: T19 | N22: 8 | O22: Patio | P22: <=8
M23: T20 | N23: 8 | O23: Patio | P23: <=8

Sheet Sheet2
A1: TableID | B1: Capacity | C1: Location | D1: Status | E1: LastUsedTime
A2: T02 | B2: 2 | C2: =_xlfn.XLOOKUP(A2,Sheet1!$M$3:$M$23,Sheet1!$O$3:$O$23,"Not Found") -> Bar Area | D2: Occupied | E2: 45849.48
A3: T19 | B3: 8 | C3: =_xlfn.XLOOKUP(A3,Sheet1!$M$3:$M$23,Sheet1!$O$3:$O$23,"Not Found") -> Patio | D3: Cleaning | E3: 45847.75
A4: T15 | B4: 6 | C4: =_xlfn.XLOOKUP(A4,Sheet1!$M$3:$M$23,Sheet1!$O$3:$O$23,"Not Found") -> Window Right | D4: Cleaning | E4: 45849.399
A5: T14 | B5: 6 | C5: =_xlfn.XLOOKUP(A5,Sheet1!$M$3:$M$23,Sheet1!$O$3:$O$23,"Not Found") -> Window left | D5: Occupied | E5: 45852.053
A6: T16 | B6: 6 | C6: =_xlfn.XLOOKUP(A6,Sheet1!$M$3:$M$23,Sheet1!$O$3:$O$23,"Not Found") -> Balcony | D6: Available | E6: 45852.409
A7: T05 | B7: 2 | C7: =_xlfn.XLOOKUP(A7,Sheet1!$M$3:$M$23,Sheet1!$O$3:$O$23,"Not Found") -> Balcony | D7: Cleaning | E7: 45849.453
A8: T16 | B8: 6 | C8: =_xlfn.XLOOKUP(A8,Sheet1!$M$3:$M$23,Sheet1!$O$3:$O$23,"Not Found") -> Balcony | D8: Reserved | E8: 45848.25
A9: T01 | B9: 2 | C9: =_xlfn.XLOOKUP(A9,Sheet1!$M$3:$M$23,Sheet1!$O$3:$O$23,"Not Found") -> Bar Area | D9: Cleaning | E9: 45846.143
A10: T03 | B10: 2 | C10: =_xlfn.XLOOKUP(A10,Sheet1!$M$3:$M$23,Sheet1!$O$3:$O$23,"Not Found") -> Bar Area | D10: Available | E10: 45851.676
A11: T11 | B11: 4 | C11: =_xlfn.XLOOKUP(A11,Sheet1!$M$3:$M$23,Sheet1!$O$3:$O$23,"Not Found") -> Balcony | D11: Occupied | E11: 45849.087
A12: T07 | B12: 4 | C12: =_xlfn.XLOOKUP(A12,Sheet1!$M$3:$M$23,Sheet1!$O$3:$O$23,"Not Found") -> Window Left | D12: Reserved | E12: 45850.856
A13: T07 | B13: 4 | C13: =_xlfn.XLOOKUP(A13,Sheet1!$M$3:$M$23,Sheet1!$O$3:$O$23,"Not Found") -> Window Left | D13: Reserved | E13: 45852.054
... A15001: T06 | B15001: 2 | C15001: =_xlfn.XLOOKUP(A15001,Sheet1!$M$3:$M$23,Sheet1!$O$3:$O$23,"Not Found") -> Garden View | D15001: Reserved | E15001: 45847.188
